material_id,material_description,brand,product_category,product_subcategory,list_price_usd,avg_rating,loves_count,review_count,standard_cost_usd
P478239,Vinopure Purifying Clay Mask,Caudalie,Skincare,Masks,42.0,4.6319,18954,144.0,15.96
P448200,Benefiance Wrinkle Smoothing Cream,Shiseido,Skincare,Moisturizers,75.0,4.6037,6215,164.0,28.5
P444990,Blend It Multi-Purpose Self-Tan Blender,Isle of Paradise,Skincare,Self Tanners,22.0,2.3846,5294,26.0,8.36
P397465,Strawberry Lip Balm,Rosebud Perfume Co.,Skincare,Lip Balms & Treatments,8.0,4.1518,13002,112.0,3.04
P482755,Claydate Detoxifying & Toning Face Mask Stick,TULA Skincare,Skincare,Masks,36.0,4.3333,1460,36.0,13.68
P501751,Absolue Rose 80 Brightening Toner with Salicylic Acid,Lancôme,Skincare,Cleansers,120.0,,1139,,45.6
P471046,Turmeric Glow Brightening Moisturizer,KORA Organics,Skincare,Moisturizers,62.0,4.4985,17005,1017.0,23.56
P471009,Vinoperfect Brightening Glycolic Peel Mask,Caudalie,Skincare,Masks,42.0,4.5365,19999,192.0,15.96
P379995,Perfectionist CP+R Wrinkle Lifting/Firming Serum,Estée Lauder,Skincare,Treatments,120.0,4.2234,14820,94.0,45.6
P294018,Cleansing Spa Water Cloths,Koh Gen Do,Skincare,Cleansers,23.0,4.4789,23197,284.0,8.74
P387261,Pumpkin Enzyme Mask Enzymatic Dermal Resurfacer,Peter Thomas Roth,Skincare,Masks,60.0,4.6611,55129,720.0,22.8
P471101,Resurface+ AHA/BHA Niacinamide Exfoliating Pads for Face and Targeted Body,Skinfix,Skincare,Treatments,50.0,4.3713,27625,501.0,19.0
P461451,Abeille Royale Anti-Aging Fortifying Lotion Toner,GUERLAIN,Skincare,Cleansers,85.0,4.2566,6480,834.0,32.3
P471226,Vinoperfect Instant Brightening Moisturizer with Niacinamide,Caudalie,Skincare,Moisturizers,65.0,4.3969,19036,703.0,24.7
P431187,Clean Bee Ultra Gentle Facial Cleanser,Farmacy,Skincare,Cleansers,28.0,4.0341,52562,881.0,10.64
P420699,Violet-C Radiance Mask,Tatcha,Skincare,Masks,70.0,4.0507,96300,651.0,26.6
P427393,Hyaluronic Marine Dew It Right Eye Gel,Dr. Dennis Gross Skincare,Skincare,Eye Care,55.0,3.5442,12365,147.0,20.9
P467123,That Big Screen Moisturizer with Broad Spectrum SPF 30,JLo Beauty,Skincare,Moisturizers,55.0,4.1435,5411,467.0,20.9
P443834,Rosehip Nourishing Night Oil,The INKEY List,Skincare,Moisturizers,11.99,4.1029,34950,175.0,4.56
P470510,Mini The Rich Cream with TFC8 Face Moisturizer,Augustinus Bader,Skincare,Mini Size,92.0,3.6875,10759,32.0,34.96
P453929,Retinol Youth Renewal Night Cream,Murad,Skincare,Moisturizers,88.0,4.6078,21491,334.0,33.44
P479732,Salicylic Acid 2% Anhydrous Solution Pore Clearing Serum,The Ordinary,Skincare,Treatments,7.2,3.8389,109679,329.0,2.74
P504064,Ceramidin Cream-Infused Mask,Dr. Jart+,Skincare,Masks,15.0,4.6324,4288,340.0,5.7
P482694,Mini Water Bank Blue Hyaluronic Cream Moisturizer,LANEIGE,Skincare,Moisturizers,23.0,3.5135,13024,37.0,8.74
P413326,Camellia Gold Spun Lip Balm,Tatcha,Skincare,Lip Balms & Treatments,30.0,4.2806,46733,670.0,11.4
P474942,Refresh in 5,CLINIQUE,Skincare,Value & Gift Sets,25.0,4.6667,12369,9.0,9.5
P428636,Mini The Cleansing Foam,La Mer,Skincare,Cleansers,25.0,3.6087,8063,23.0,9.5
P479688,AHA Peeling Masks,SEPHORA COLLECTION,Skincare,Masks,10.0,3.6923,10299,39.0,3.8
P467038,Retinol Eye Stick,Peace Out,Skincare,Eye Care,28.0,4.2062,136726,1329.0,10.64
P440305,Goat Milk Moisturizing Cleanser,Kate Somerville,Skincare,Cleansers,44.0,4.5575,16803,174.0,16.72
P383054,Do Not Age with Dr. Brandt Transforming Pearl Serum,Dr. Brandt Skincare,Skincare,Treatments,152.0,4.1852,3259,54.0,57.76
P432239,Buttermask Intense Repair Lip Treatment,Kiehl's Since 1851,Skincare,Lip Balms & Treatments,28.0,4.0419,40755,191.0,10.64
P459301,Mini GOOPGLOW 15% Glycolic Acid Overnight Glow Peel,goop,Skincare,Mini Size,45.0,4.255,3228,1196.0,17.1
P502186,Retinol Try Me Kit,Kate Somerville,Skincare,Value & Gift Sets,59.0,3.0,628,2.0,22.42
P501760,Guava Vitamin C Bright-Eye Gel Cream,Glow Recipe,Skincare,Eye Care,38.0,4.5109,72173,914.0,14.44
P429952,Jet Lag Mask,Summer Fridays,Skincare,Masks,49.0,4.0262,245435,4427.0,18.62
P467973,Intensive Eye Renewal Cream with Firming Peptides,Shani Darden Skin Care,Skincare,Eye Care,68.0,4.2087,12224,254.0,25.84
P416825,FAB Skin Lab Retinol Serum 0.25% Pure Concentrate,First Aid Beauty,Skincare,Treatments,58.0,3.9811,24816,159.0,22.04
P500256,Mineral Sunscreen SPF 30,Mario Badescu,Skincare,Sunscreen,28.0,5.0,983,2.0,10.64
P501153,Major Eye Impact Repair + Brighten Skincare Set,Estée Lauder,Skincare,Value & Gift Sets,72.0,4.0,1854,1.0,27.36
P467120,That Hit Single Gel-Cream Cleanser,JLo Beauty,Skincare,Cleansers,39.0,4.0992,6260,363.0,14.82
P504794,After Baume Moisture Barrier Recovery Cream,Glossier,Skincare,Moisturizers,28.0,4.1429,9402,42.0,10.64
P481348,Clinical 0.3% Retinol + 2% Bakuchiol Treatment,Paula's Choice,Skincare,Treatments,62.0,4.8235,13939,170.0,23.56
P504849,Plumping Power Duo,Glow Recipe,Skincare,Value & Gift Sets,54.0,4.8454,12092,97.0,20.52
P504044,Pro-Retinol Megamoisture Face Cream,Josie Maran,Skincare,Moisturizers,54.0,4.7518,3498,278.0,20.52
P470246,Calming Hydration Booster Serum,ROSE Ingleton MD,Skincare,Treatments,70.0,4.7143,2391,21.0,26.6
P476428,Brightening Dark Spot Vitamin C Serum,Hyper Skin,Skincare,Treatments,58.0,4.5664,13429,143.0,22.04
P454018,The Serum Stick: Treatment & Touch Up Balm,Tatcha,Skincare,Treatments,49.0,4.3761,47060,1348.0,18.62
P429675,Hydra Life Balancing Hydration 2 in 1 Sorbet Water,Dior,Skincare,Moisturizers,45.0,3.7692,2966,13.0,17.1
P439672,Rose Quartz Facial Roller,SEPHORA COLLECTION,Skincare,Wellness,22.0,3.7111,29366,135.0,8.36
P500687,Keep It Clean Hydrating Gel Cleanser with Ceramides & 10 Amino Acids,iNNBEAUTY PROJECT,Skincare,Cleansers,26.0,4.5226,7237,155.0,9.88
P475951,Green Tea Hyaluronic Acid Hydrating Serum,innisfree,Skincare,Treatments,30.0,4.5836,41215,365.0,11.4
P91627362,GO OFF Makeup Dissolving Mist,ONE/SIZE by Patrick Starrr,Skincare,Cleansers,24.0,4.1746,18322,252.0,9.12
P416725,The Revitalizing Hydrating Serum,La Mer,Skincare,Treatments,255.0,4.0,8300,29.0,96.9
P500445,Prep Set Tan Tanning Mist with Hyaluronic Acid,Iconic London,Skincare,Self Tanners,29.0,4.2703,6187,37.0,11.02
P432045,GENIUS Liquid Collagen Lip Treatment,Algenist,Skincare,Lip Balms & Treatments,29.0,3.8721,44448,649.0,11.02
P392004,Blue Orchid Radiance & Hydrating Natural Face Treatment Oil,Clarins,Skincare,Moisturizers,65.0,4.4184,10782,98.0,24.7
P457512,Overnight Glow Dark Spot Sleeping Cream,REN Clean Skincare,Skincare,Moisturizers,55.0,4.1408,20807,476.0,20.9
P461950,Mini The Concentrate Serum,La Mer,Skincare,Mini Size,220.0,4.4444,6441,18.0,83.6
P473185,Water Drench Hyaluronic Cloud Makeup Removing Gel Cleanser,Peter Thomas Roth,Skincare,Cleansers,32.0,4.0,2272,14.0,12.16
P455339,Lactic Acid 5% + HA,The Ordinary,Skincare,Treatments,7.8,4.3081,74003,172.0,2.96
P442742,Peptide 21 Amino Acid Exfoliating Peel Pads,Peter Thomas Roth,Skincare,Treatments,55.0,4.6453,16263,547.0,20.9
P469439,Squalane+ Rose Vegan Lip Balm,Biossance,Skincare,Lip Balms & Treatments,16.0,3.8809,29662,277.0,6.08
P375534,Ultra Repair Face Moisturizer,First Aid Beauty,Skincare,Moisturizers,28.0,4.1964,59220,988.0,10.64
P34402,Acne Control Clarifying Body Spray,Murad,Skincare,Treatments,48.0,4.2898,16688,635.0,18.24
P397627,Dermask Intra Jet Firming Solution,Dr. Jart+,Skincare,Masks,9.0,3.3061,9087,49.0,3.42
P408218,Goof Proof Waterproof Easy Shape & Fill Eyebrow Pencil,Benefit Cosmetics,Makeup,Eye,25.0,4.3355,137430,1711.0,10.5
P457429,Clear and Cover Acne Treatment Cream Concealer with 2% Salicylic Acid,SEPHORA COLLECTION,Makeup,Face,14.0,3.9733,22755,75.0,5.88
P409988,Lock-It Setting Powder,KVD Beauty,Makeup,Face,35.0,4.2027,86770,2931.0,14.7
P476011,Softlight Clean Dewy Hydrating Concealer,ROSE INC,Makeup,Face,30.0,4.3727,27242,499.0,12.6
P481370,Lip Retreat Oil,Wander Beauty,Makeup,Lip,22.0,4.4318,3518,44.0,9.24
P477838,Ultra Suede Sculpting Lip Pencil,MAKEUP BY MARIO,Makeup,Lip,24.0,4.717,131018,106.0,10.08
P456007,Lilly Lashes Brush On Lash Adhesive: Black,Lilly Lashes,Makeup,Eye,13.0,3.9977,3564,438.0,5.46
P470004,BOUNCE  Soft Focus Gemstone Setting Powder,beautyblender,Makeup,Face,32.0,4.2329,2963,644.0,13.44
P504127,Rich Bitch Nourishing Plant and Peptide Lip Balm,Freck Beauty,Makeup,Lip,20.0,4.127,11249,189.0,8.4
P456006,Lilly Lashes Lash Curler,Lilly Lashes,Makeup,Accessories,16.0,3.5273,6169,55.0,6.72
P504187,Mothership VI: Midnight Sun Star Wars Edition,PAT McGRATH LABS,Makeup,Eye,128.0,5.0,4118,3.0,53.76
P470542,B.Y.O.B. Build Your Own Brow Customizable Set,SEPHORA COLLECTION,Makeup,Eye,16.0,4.587,8638,138.0,6.72
P455418,Super Serum Skin Tint SPF 40 Foundation,ILIA,Makeup,Face,48.0,3.6762,398628,3675.0,20.16
P405602,beautyblender nude,beautyblender,Makeup,Brushes & Applicators,20.0,4.372,70314,1449.0,8.4
P504789,Brow Flick Microfine Detailing Eyebrow Pen,Glossier,Makeup,Eye,18.0,3.5294,9513,34.0,7.56
P378111,Lip Injection Extreme Hydrating Lip Plumper,Too Faced,Makeup,Lip,29.0,3.6516,213097,2615.0,12.18
P451225,BACKSTAGE Lash Curler,Dior,Makeup,Accessories,28.0,2.7647,19542,34.0,11.76
P431511,L'Absolu Lacquer Long-Lasting Liquid Lipstick,Lancôme,Makeup,Lip,32.0,4.2708,71038,1252.0,13.44
P449342,BeachPlease Lip + Cheek Cream Blush,Tower 28 Beauty,Makeup,Cheek,20.0,4.507,257946,1006.0,8.4
P450720,Contour & Highlight Stick,Anastasia Beverly Hills,Makeup,Face,25.0,3.8262,37976,351.0,10.5
P12790,Bronzer Powder,NARS,Makeup,Cheek,38.0,4.676,155043,3645.0,15.96
P401771,24/7 Waterline Eye Pencil,Urban Decay,Makeup,Eye,25.0,3.3484,30089,577.0,10.5
P476550,Set It Loose Setting Powder,Fashion Fair,Makeup,Face,35.0,4.0556,4290,18.0,14.7
P46587789,EF 1 Makeup Brush,MAKEUP BY MARIO,Makeup,Brushes & Applicators,24.0,3.9286,16423,28.0,10.08
P229406,Chocolate Soleil Matte Bronzer,Too Faced,Makeup,Cheek,35.0,4.625,286081,3947.0,14.7
P455321,Luxury Eyeshadow Palette - Pillow Talk Collection,Charlotte Tilbury,Makeup,Eye,55.0,3.9418,67767,773.0,23.1
P483474,Aqua Resist Color Ink 24HR Waterproof  Liquid Eyeliner,MAKE UP FOR EVER,Makeup,Eye,26.0,3.7487,16234,199.0,10.92
P420019,PRO Foundation Brush #70,SEPHORA COLLECTION,Makeup,Brushes & Applicators,30.0,4.4966,93355,294.0,12.6
P432863,Sublime Skin Highlighting Trio,PAT McGRATH LABS,Makeup,Face,53.0,4.5249,31876,181.0,22.26
P109911,Secret Brightening Powder for Under Eyes,Laura Mercier,Makeup,Face,33.0,4.2645,95941,1747.0,13.86
P483654,Dior Addict Lip Tint,Dior,Makeup,Lip,40.0,3.6104,68493,77.0,16.8
P472317,The One & Done Volumizing Mascara,LAWLESS,Makeup,Eye,25.0,4.1337,7947,359.0,10.5
P476690,Silk Balm Honey Kiss Lip Balm,HUDA BEAUTY,Makeup,Lip,21.0,3.7143,4814,21.0,8.82
P454941,Pure Canvas Primer - Blurring,Laura Mercier,Makeup,Face,47.0,4.1382,16113,1701.0,19.74
P502306,Glowish Blur Jam Silicone Free Smoothing Primer,HUDA BEAUTY,Makeup,Face,33.0,4.5054,21782,186.0,13.86
P501284,Halo Sheer To Stay Cream Cheek + Lip Tint,Smashbox,Makeup,Cheek,28.0,4.1971,3868,416.0,11.76
P472065,Makeup Tape,SEPHORA COLLECTION,Makeup,Brushes & Applicators,8.0,3.675,30968,40.0,3.36
P502185,Triclone Skin Tech Medium Coverage Foundation with Fermented Arnica,HAUS LABS BY LADY GAGA,Makeup,Face,45.0,4.2841,176443,1137.0,18.9
P433125,KUSH Fiber Eyebrow Gel,MILK MAKEUP,Makeup,Eye,22.0,4.3577,86371,1451.0,9.24
P183916,Lip Liner,Givenchy,Makeup,Lip,30.0,4.4754,15108,122.0,12.6
P399503,DRAMA LIQUI-PENCIL Longwear Eyeliner,Lancôme,Makeup,Eye,23.0,4.66,63085,1147.0,9.66
P471242,Mini Easy Bake Loose Baking & Setting Powder,HUDA BEAUTY,Makeup,Mini Size,22.0,3.9007,112703,141.0,9.24
P502866,Disney Fantasia and ONE/SIZE Ultimate Mickey Puff,ONE/SIZE by Patrick Starrr,Makeup,Brushes & Applicators,16.0,4.3333,11246,6.0,6.72
P477168,#BombBrows Full ’n Fluffy Volumizing Fiber Gel,HUDA BEAUTY,Makeup,Eye,19.0,3.8649,7705,37.0,7.98
P54433,Le Lip Liner,Lancôme,Makeup,Lip,28.0,4.5944,17846,180.0,11.76
P457458,Hydrating Tinted Daily Lip Balm,rms beauty,Makeup,Lip,24.0,4.6723,31828,296.0,10.08
P475118,"Bloom, Bronze & Glow Bronzer & Highlighter Duo",Jouer Cosmetics,Makeup,Cheek,32.0,4.36,15500,50.0,13.44
P501516,Eyebrow Laminator,TOM FORD,Makeup,Eye,55.0,4.0884,356,441.0,23.1
P468353,"Colorfix Eye, Cheek & Lip Cream Pigment",Danessa Myricks Beauty,Makeup,Eye,18.0,4.3961,195284,876.0,7.56
P395532,Lip Liner To Go,SEPHORA COLLECTION,Makeup,Lip,6.0,4.0169,190809,827.0,2.52
P476697,Wink Lash Trio Mascara,Kaja,Makeup,Eye,30.0,4.3805,16713,389.0,12.6
P481396,Revealer Skin-Improving Foundation SPF 25 with Hyaluronic Acid and Niacinamide,Kosas,Makeup,Face,42.0,3.9787,138336,847.0,17.64
P505250,Love Face Eyeshadow & Cheek Essential Palette,Natasha Denona,Makeup,Makeup Palettes,62.0,3.3,2532,10.0,26.04
P500992,Rouge Artist For Ever Matte 24HR Longwear Liquid Lipstick,MAKE UP FOR EVER,Makeup,Lip,25.0,4.1005,19148,209.0,10.5
P472817,Blush & Bloom Cheek + Lip Duo- French Riviera,Jouer Cosmetics,Makeup,Cheek,32.0,4.7692,5637,13.0,13.44
P503762,Lash-Amplifying Volumizing & Lengthening Mascara,Ami Colé,Makeup,Eye,19.0,4.1842,5015,38.0,7.98
P501435,Gimme Brow Goals Volumizing Brow Gel & Pencil Duo,Benefit Cosmetics,Makeup,Value & Gift Sets,27.0,4.0,3154,2.0,11.34
P471076,Discovery Eyeshadow Palette,Rare Beauty by Selena Gomez,Makeup,Eye,29.0,4.1593,23771,226.0,12.18
P382378,130 Large Powder Brush,MAKE UP FOR EVER,Makeup,Brushes & Applicators,55.0,4.8511,15548,94.0,23.1
P49848448,Liquid Touch Weightless Foundation,Rare Beauty by Selena Gomez,Makeup,Face,30.0,4.0332,263393,5186.0,12.6
P446816,24/7 Glide-On Eye Pencil - Sparkle Out Loud Collection,Urban Decay,Makeup,Eye,25.0,4.5449,12816,334.0,10.5
P473145,Major Dimension Eyeshadow Palette,PATRICK TA,Makeup,Eye,70.0,4.5648,79630,563.0,29.4
P482509,Supreme Mauves Eyeshadow & Pressed Pigment Palette,Artist Couture,Makeup,Eye,45.0,2.9333,6122,45.0,18.9
P502289,Bubble Pop Electric High-Performance Clean Lip Gloss,GXVE BY GWEN STEFANI,Makeup,Lip,20.0,4.3043,20145,161.0,8.4
P505041,Glazing Over Nail Polish Duo Set,NAILS INC.,Makeup,Nail,15.0,5.0,2386,2.0,6.3
P470025,Eaze Drop Blurring Skin Tint,Fenty Beauty by Rihanna,Makeup,Face,35.0,3.951,306238,1652.0,14.7
P501697,"501 Praline, Licorice and Patchouli Eau de Parfum Travel Spray",Bon Parfumeur,Fragrance,Women,34.0,3.5,623,2.0,10.2
P417312,Brazilian Crush Cheirosa ’62 Bum Bum Hair & Body Fragrance Mist,Sol de Janeiro,Fragrance,Women,24.0,4.3049,245440,1814.0,7.2
P417192,Myrrh & Tonka Cologne Intense,Jo Malone London,Fragrance,Women,220.0,4.4675,16410,77.0,66.0
P504285,1 Million Eau de Toilette Cologne Set,Paco Rabanne,Fragrance,Value & Gift Sets,86.0,,90,,25.8
P462417,LIBRE Eau de Parfum Intense,Yves Saint Laurent,Fragrance,Women,95.0,4.6006,38366,323.0,28.5
P481103,"Love, Don't Be Shy-EXTREME",KILIAN Paris,Fragrance,Women,340.0,3.7273,5201,11.0,102.0
P439406,VANILLA | 28,KAYALI,Fragrance,Women,125.0,3.8714,107686,964.0,37.5
P501696,"002 Neroli, Jasmine and White Amber Eau de Parfum Travel Spray",Bon Parfumeur,Fragrance,Women,34.0,5.0,836,2.0,10.2
P76000,Pure Poison,Dior,Fragrance,Women,130.0,4.5763,26129,295.0,39.0
P476865,Lili Fantasy Eau de Parfum,Juliette Has a Gun,Fragrance,Women,140.0,3.7778,2029,9.0,42.0
P483678,Himalayan Salt & Rosewater Diffuser,NEST New York,Fragrance,Candles & Home Scents,58.0,5.0,1630,2.0,17.4
P505463,Artist Candle,The Maker,Fragrance,Candles & Home Scents,80.0,,1,,24.0
P441329,Guilty Pour Femme Eau de Parfum Rollerball,Gucci,Fragrance,Women,38.0,3.9018,9333,285.0,11.4
P503815,The Most Wanted Parfum,Azzaro,Fragrance,Men,118.0,4.7413,1359,317.0,35.4
P418122,Dior Homme Sport,Dior,Fragrance,Men,82.0,4.4118,1784,17.0,24.6
P483706,Bright Crystal Hair Mist,Versace,Fragrance,Women,50.0,2.0,2490,1.0,15.0
P504281,Mini Clean Classic Rollerball Perfume Set,CLEAN RESERVE,Fragrance,Value & Gift Sets,22.0,5.0,2720,1.0,6.6
P482013,Sea Daffodil Cologne,Jo Malone London,Fragrance,Women,150.0,3.75,6731,28.0,45.0
P469197,Tahitian Coconut Vanilla Home Diffuser,VOLUSPA,Fragrance,Candles & Home Scents,30.0,3.9375,8297,32.0,9.0
P405269,Mediterranean Honeysuckle,AERIN,Fragrance,Women,145.0,4.2158,15618,139.0,43.5
P387564,Daisy Dream Rollerball,Marc Jacobs Fragrances,Fragrance,Women,34.0,4.4375,15570,144.0,10.2
P429554,Panjore Lychee Home Diffuser,VOLUSPA,Fragrance,Candles & Home Scents,30.0,3.8571,3185,42.0,9.0
P501965,Archive Kit Sampler Set,Commodity,Fragrance,Value & Gift Sets,36.0,3.4,3600,5.0,10.8
P375938,Trésor Midnight Rose,Lancôme,Fragrance,Women,125.0,4.5175,13821,114.0,37.5
P469828,Dylan Turquoise Hair Mist,Versace,Fragrance,Women,50.0,4.7143,2859,7.0,15.0
P503206,The Shebang Gift Set,By Rosie Jane,Fragrance,Value & Gift Sets,95.0,4.0,656,6.0,28.5
P429621,"Love, Don't Be Shy",KILIAN Paris,Fragrance,Women,275.0,3.6656,93308,1256.0,82.5
P6463,Romance,Ralph Lauren,Fragrance,Women,63.0,4.5744,27981,524.0,18.9
P463476,Birchwood Pine Candle,NEST New York,Fragrance,Candles & Home Scents,78.0,4.6364,2411,11.0,23.4
P435342,Honeysuckle & Davana Candle,Jo Malone London,Fragrance,Candles & Home Scents,75.0,4.0,1453,7.0,22.5
P503857,Reserve - Sparkling Sugar,CLEAN RESERVE,Fragrance,Women,110.0,4.2182,9548,55.0,33.0
P458630,Not A Perfume Superdose Travel Spray,Juliette Has a Gun,Fragrance,Women,32.0,3.016,6962,125.0,9.6
P501360,Mini Coffret Set,Gucci,Fragrance,Value & Gift Sets,65.0,4.4,26321,5.0,19.5
P387939,Viva La Juicy Gold Couture,Juicy Couture,Fragrance,Women,86.0,4.5679,15139,162.0,25.8
P504364,Glossier You Eau de Parfum,Glossier,Fragrance,Women,64.0,3.7574,55874,235.0,19.2
P430910,Velvet Orchid Travel Spray,TOM FORD,Fragrance,Women,50.0,4.3795,16789,332.0,15.0
P456975,Salt Air Eau De Parfum,SKYLAR,Fragrance,Women,90.0,4.3091,7538,220.0,27.0
P470525,SALT or SWEET Perfume Gift Set,Ellis Brooklyn,Fragrance,Women,40.0,4.4634,6448,41.0,12.0
P461185,REPLICA' Coffee Break Eau de Toilette Travel Spray,Maison Margiela,Fragrance,Women,35.0,3.9526,29546,612.0,10.5
P467944,Miss Dior Rose N'Roses Roller-pearl,Dior,Fragrance,Women,45.0,4.0679,13999,1472.0,13.5
P480152,The Shampoo,Augustinus Bader,Hair,Shampoo & Conditioner,57.0,3.8368,1330,190.0,25.65
P504841,Paddle Brush,PATTERN by Tracee Ellis Ross,Hair,Tools,20.0,4.875,394,8.0,9.0
P477741,Extra Love Volume Shampoo,IGK,Hair,Shampoo & Conditioner,32.0,4.4444,1412,72.0,14.4
P428222,Detangling and Frizz Fighting Leave In Conditioner,OUAI,Hair,Hair Styling & Treatments,30.0,3.9394,120959,1584.0,13.5
P448730,Volumizing Full Conditioner for Fine Hair,Virtue,Hair,Shampoo & Conditioner,42.0,4.6019,4136,108.0,18.9
P422275,Amino Acid Shampoo,Kiehl's Since 1851,Hair,Shampoo & Conditioner,26.0,3.7736,9385,53.0,11.7
P472044,Curl Manifesto Curl Defining Gel-Cream,Kérastase,Hair,Hair Styling & Treatments,45.0,4.1615,9602,161.0,20.25
P501721,Bust Your Brass Blonde Purple Shampoo,amika,Hair,Shampoo & Conditioner,28.0,4.1053,4270,19.0,12.6
P502252,Curl Wow SHOOK Mix & Fix Bundling Spray,COLOR WOW,Hair,Hair Styling & Treatments,38.0,2.75,862,4.0,17.1
P434399,Nutritive Conditioner for Normal to Dry Hair,Kérastase,Hair,Shampoo & Conditioner,42.0,3.8889,10095,153.0,18.9
P481141,Hair Alchemy Strengthening Conditioner,Oribe,Hair,Shampoo & Conditioner,55.0,4.36,10456,175.0,24.75
P461636,Mini Style + Protect Refresh & Go Dry Shampoo,Pureology,Hair,Hair Styling & Treatments,11.0,4.2454,2551,326.0,4.95
P389524,"Soft Curl - 1.25"" Curling Iron",ghd,Hair,Tools,205.0,3.4923,11818,65.0,92.25
P473260,Power Hour Curl Refreshing Spray,amika,Hair,Hair Styling & Treatments,28.0,3.4,7314,10.0,12.6
P502068,Mini Hydro Style Flexi Hair Jelly,Curlsmith,Hair,Hair Styling & Treatments,12.0,5.0,1142,2.0,5.4
P480634,Hyaluronic Acid Hydrating Hair Treatment,The INKEY List,Hair,Hair Styling & Treatments,10.99,4.2604,24725,169.0,4.95
P479829,The Bond-Building Repair Trio,Bumble and bumble,Hair,Value & Gift Sets,28.0,3.8571,4488,14.0,12.6
P479969,Complete Hydration Hair Set,JVN,Hair,Value & Gift Sets,24.0,3.2826,10396,92.0,10.8
P504453,GRO Revitalizing Shampoo and Conditioner Set for Thinning Hair,Vegamour,Hair,Value & Gift Sets,86.0,4.3429,2147,35.0,38.7
P269707,CAVIAR Anti-Aging Replenishing Moisture Masque,ALTERNA Haircare,Hair,Hair Styling & Treatments,45.0,3.9368,4688,95.0,20.25
P462387,All in One Leave-In Conditioner,Moroccanoil,Hair,Hair Styling & Treatments,30.0,4.5997,51662,1931.0,13.5
P413684,Detangling Brush,Verb,Hair,Tools,20.0,4.1067,8143,150.0,9.0
P477822,Curl Gel Pomade,Bumble and bumble,Hair,Hair Styling & Treatments,32.0,3.5,1204,2.0,14.4
P296439,Restore Shampoo,Living Proof,Hair,Shampoo & Conditioner,32.0,4.6199,25836,221.0,14.4
P480636,Salicylic Acid Exfoliating Scalp Treatment,The INKEY List,Hair,Hair Styling & Treatments,15.99,3.9797,56979,197.0,7.2
P469440,"Scalp Revival Charcoal + Tea Tree Cooling Hydration Mask for Dry, Itchy Scalp",Briogeo,Hair,Hair Styling & Treatments,34.0,4.5603,38077,257.0,15.3
P434410,Elixir Ultime Hydrating Conditioner,Kérastase,Hair,Shampoo & Conditioner,46.0,3.7917,4870,24.0,20.7
P475981,Mist Spray Bottle,PATTERN by Tracee Ellis Ross,Hair,Tools,13.0,4.1778,16638,45.0,5.85
P469195,Supershine Moisturizing Hair Cream,Oribe,Hair,Hair Styling & Treatments,52.0,4.4692,20865,422.0,23.4
P434440,Densifique Thickening Shampoo for Thinning Hair,Kérastase,Hair,Shampoo & Conditioner,40.0,3.9861,27197,216.0,18.0
P479830,Bond-Building Repair Shampoo,Bumble and bumble,Hair,Shampoo & Conditioner,34.0,4.7016,6161,315.0,15.3
P472452,Vinofresh Natural Aluminum-Free Deodorant,Caudalie,Bath & Body,Body Care,16.0,3.7222,9207,234.0,6.4
P504159,Hydrabloom Body Silk With Hyaluronic Acid,Saint Jane Beauty,Bath & Body,Body Moisturizers,48.0,4.9375,1267,16.0,19.2
P468161,Whipped Argan Pro-Retinol Body Butter,Josie Maran,Bath & Body,Body Moisturizers,46.0,4.5763,25006,262.0,18.4
P466426,Hand Wash,OUAI,Bath & Body,Body Care,32.0,4.2813,12455,32.0,12.8
P480529,Power Mist Hydrating Hand Sanitizer,Touchland,Bath & Body,Body Care,10.0,4.2429,95944,177.0,4.0
P454083,The Renewal Body Oil Balm,La Mer,Bath & Body,Body Moisturizers,210.0,4.2,2060,5.0,84.0
P162554,Almond Smoothing and Beautifying Supple Skin Oil,L'Occitane,Bath & Body,Body Moisturizers,50.0,4.6064,43851,902.0,20.0
P152203,Hand and Nail Cream,Caudalie,Bath & Body,Body Moisturizers,16.0,4.5379,54762,1344.0,6.4
P476430,Butta Drop Whipped Oil Hydrating Body Cream,Fenty Skin,Bath & Body,Body Moisturizers,39.0,4.6522,2583,23.0,15.6
P107319,Cleansing And Softening Refillable Shower Oil With Almond Oil,L'Occitane,Bath & Body,Bath & Shower,29.0,4.3501,75358,1808.0,11.6
P504054,"Mini The Body Lotion - With Niacinamide, Vitamins + Peptides",Nécessaire,Bath & Body,Body Moisturizers,15.0,3.9298,3232,57.0,6.0
P500787,All Day Body Hydrator with Shea Butter,SEPHORA COLLECTION,Bath & Body,Body Moisturizers,18.0,4.2333,5438,30.0,7.2
P501493,Firm + Flaunt Targeted Booty Balm,JLo Beauty,Bath & Body,Body Moisturizers,65.0,4.0688,11991,189.0,26.0
P436757,Angie Perfume Oil,By Rosie Jane,Bath & Body,Body Moisturizers,45.0,4.3333,1094,6.0,18.0
P7844,Brown Sugar Body Polish Exfoliator,fresh,Bath & Body,Bath & Shower,67.0,4.3914,42921,856.0,26.8
P504519,Daily Defense Mineral Body Lotion SPF 30,Soleil Toujours,Bath & Body,Body Moisturizers,58.0,5.0,772,8.0,23.2
P476671,T.L.C Glycolic Body Lotion,Drunk Elephant,Bath & Body,Body Moisturizers,28.0,4.3108,27705,74.0,11.2
P484052,Mini Daily Stone Solid Body Moisturizer,Kate McLeod,Bath & Body,Body Moisturizers,12.0,4.6748,4862,206.0,4.8
